combination,7,8,9,10,11
G:0B:0P:0S:0,0.6319284637,0.4930587702,0.3550049234,0.3550049234,0.3550049234
G:0B:0P:0S:1,0.7220425139,0.5818936291,0.4412913756,0.4412913756,0.4412913756
G:0B:0P:1S:0,0.7220425139,0.5603425699,0.395291852,0.395291852,0.395291852
G:0B:0P:1S:1,0.8128495253,0.6483052571,0.4834832239,0.4834832239,0.4834832239
G:0B:0P:2S:0,0.8128495253,0.6259054896,0.4412913756,0.4412913756,0.4412913756
G:0B:0P:2S:1,0.9056002318,0.7180993347,0.5316903393,0.5316903393,0.5316903393
G:0B:1P:0S:0,0.6613351713,0.5183034188,0.368242391,0.368242391,0.368242391
G:0B:1P:0S:1,0.7519283175,0.6037581925,0.4551988571,0.4551988571,0.4551988571
G:0B:1P:1S:0,0.7519283175,0.5818936291,0.4091614569,0.4091614569,0.4091614569
G:0B:1P:1S:1,0.8436557869,0.6709282576,0.4979236911,0.4979236911,0.4979236911
G:0B:1P:2S:0,0.8436557869,0.6483052571,0.4551988571,0.4551988571,0.4551988571
G:0B:1P:2S:1,0.9370153747,0.7407674907,0.5459738123,0.5459738123,0.5459738123
G:0B:2P:0S:0,0.6925191916,0.539135764,0.3817027776,0.3817027776,0.3817027776
G:0B:2P:0S:1,0.7821904405,0.6259054896,0.4692950235,0.4692950235,0.4692950235
G:0B:2P:1S:0,0.7821904405,0.6037581925,0.4276645382,0.4276645382,0.4276645382
G:0B:2P:1S:1,0.8746436518,0.6957078305,0.5125207066,0.5125207066,0.5125207066
G:0B:2P:2S:0,0.8746436518,0.6709282576,0.4692950235,0.4692950235,0.4692950235
G:0B:2P:2S:1,0.9660184837,0.7636794074,0.5604302132,0.5604302132,0.5604302132
G:0B:3P:0S:0,0.7219534075,0.5603425699,0.3953743224,0.3953743224,0.3953743224
G:0B:3P:0S:1,0.8127573421,0.6483052571,0.4835692065,0.4835692065,0.4835692065
G:0B:3P:1S:0,0.8127573421,0.6259054896,0.4413740715,0.4413740715,0.4413740715
G:0B:3P:1S:1,0.9055070387,0.7180993347,0.5317753358,0.5317753358,0.5317753358
G:0B:3P:2S:0,0.9055070387,0.6957078305,0.4835692065,0.4835692065,0.4835692065
G:0B:3P:2S:1,0.9998880325,0.7868021802,0.575049936,0.575049936,0.575049936
G:0B:4P:0S:0,0.7518379703,0.5818936291,0.4092450844,0.4092450844,0.4092450844
G:0B:4P:0S:1,0.843562978,0.6709282576,0.4980106432,0.4980106432,0.4980106432
G:0B:4P:1S:0,0.843562978,0.6483052571,0.4552827143,0.4552827143,0.4552827143
G:0B:4P:1S:1,0.9369202191,0.7407674907,0.5460598724,0.5460598724,0.5460598724
G:0B:4P:2S:0,0.9369202191,0.7180993347,0.4980106432,0.4980106432,0.4980106432
G:0B:4P:2S:1,1,0.8101036123,0.5898231939,0.5898231939,0.5898231939
G:0B:5P:0S:0,0.7820990722,0.6037581925,0.4277460183,0.4277460183,0.4277460183
G:0B:5P:0S:1,0.874550371,0.6957078305,0.5126085638,0.5126085638,0.5126085638
G:0B:5P:1S:0,0.874550371,0.6709282576,0.4693799786,0.4693799786,0.4693799786
G:0B:5P:1S:1,0.9659264611,0.7636794074,0.5605172801,0.5605172801,0.5605172801
G:0B:5P:2S:0,0.9659264611,0.7407674907,0.5126085638,0.5126085638,0.5126085638
G:0B:5P:2S:1,1,0.8335530093,0.6047400924,0.6047400924,0.6047400924
G:0B:6P:0S:0,0.8126651611,0.6259054896,0.4414567746,0.4414567746,0.4414567746
G:0B:6P:0S:1,0.9054138542,0.7180993347,0.5318603388,0.5318603388,0.5318603388
G:0B:6P:1S:0,0.9054138542,0.6957078305,0.4836551952,0.4836551952,0.4836551952
G:0B:6P:1S:1,0.9997761301,0.7868021802,0.5751379516,0.5751379516,0.5751379516
G:0B:6P:2S:0,0.9997761301,0.7636794074,0.5318603388,0.5318603388,0.5318603388
G:0B:6P:2S:1,1,0.8571220413,0.6197907045,0.6197907045,0.6197907045
G:10B:0P:0S:0,0.782555941,0.6037581925,0.4281535312,0.4281535312,0.4281535312
G:10B:0P:0S:1,0.8750167873,0.6957078305,0.5130479281,0.5130479281,0.5130479281
G:10B:0P:1S:0,0.8750167873,0.6709282576,0.4698048496,0.4698048496,0.4698048496
G:10B:0P:1S:1,0.9663871231,0.7636794074,0.5609527023,0.5609527023,0.5609527023
G:10B:0P:2S:0,0.9663871231,0.7407674907,0.5130479281,0.5130479281,0.5130479281
G:10B:0P:2S:1,1,0.8335530093,0.6051888172,0.6051888172,0.6051888172
G:10B:1P:0S:0,0.8131260877,0.6259054896,0.441870397,0.441870397,0.441870397
G:10B:1P:0S:1,0.9058798634,0.7180993347,0.5322854518,0.5322854518,0.5322854518
G:10B:1P:1S:0,0.9058798634,0.6957078305,0.4840852284,0.4840852284,0.4840852284
G:10B:1P:1S:1,1,0.7868021802,0.5755781117,0.5755781117,0.5755781117
G:10B:1P:2S:0,1,0.7636794074,0.5322854518,0.5322854518,0.5322854518
G:10B:1P:2S:1,1,0.8571220413,0.6202432799,0.6202432799,0.6202432799
G:10B:2P:0S:0,0.8439342231,0.6483052571,0.4557859995,0.4557859995,0.4557859995
G:10B:2P:0S:1,0.9373008585,0.7407674907,0.5465763631,0.5465763631,0.5465763631
G:10B:2P:1S:0,0.9373008585,0.7180993347,0.4985324736,0.4985324736,0.4985324736
G:10B:2P:1S:1,1,0.8101036123,0.5903567021,0.5903567021,0.5903567021
G:10B:2P:2S:0,1,0.7868021802,0.5465763631,0.5465763631,0.5465763631
G:10B:2P:2S:1,1,0.8807856608,0.635421279,0.635421279,0.635421279
G:10B:3P:0S:0,0.8749235016,0.6709282576,0.4698898429,0.4698898429,0.4698898429
G:10B:3P:0S:1,0.9662948808,0.7636794074,0.5610398043,0.5610398043,0.5610398043
G:10B:3P:1S:0,0.9662948808,0.7407674907,0.5131358166,0.5131358166,0.5131358166
G:10B:3P:1S:1,1,0.8335530093,0.6052785765,0.6052785765,0.6052785765
G:10B:3P:2S:0,1,0.8101036123,0.5610398043,0.5610398043,0.5610398043
G:10B:3P:2S:1,1,0.9045230676,0.6507130572,0.6507130572,0.6507130572
G:10B:4P:0S:0,0.9057866442,0.6957078305,0.484171253,0.484171253,0.484171253
G:10B:4P:0S:1,1,0.7868021802,0.5756661602,0.5756661602,0.5756661602
G:10B:4P:1S:0,1,0.7636794074,0.532370494,0.532370494,0.532370494
G:10B:4P:1S:1,1,0.8571220413,0.6203338083,0.6203338083,0.6203338083
G:10B:4P:2S:0,1,0.8335530093,0.5756661602,0.5756661602,0.5756661602
G:10B:4P:2S:1,1,0.9282023852,0.6661090558,0.6661090558,0.6661090558
G:10B:5P:0S:0,0.9372056945,0.7180993347,0.4986194649,0.4986194649,0.4986194649
G:10B:5P:0S:1,1,0.8101036123,0.5904456381,0.5904456381,0.5904456381
G:10B:5P:1S:0,1,0.7868021802,0.5466624666,0.5466624666,0.5466624666
G:10B:5P:1S:1,1,0.8807856608,0.6355125176,0.6355125176,0.6355125176
G:10B:5P:2S:0,1,0.8571220413,0.5904456381,0.5904456381,0.5904456381
G:10B:5P:2S:1,1,0.9521270518,0.6815999883,0.6815999883,0.6815999883
G:10B:6P:0S:0,0.9662026936,0.7407674907,0.5132237103,0.5132237103,0.5132237103
G:10B:6P:0S:1,1,0.8335530093,0.6053683406,0.6053683406,0.6053683406
G:10B:6P:1S:0,1,0.8101036123,0.5611269121,0.5611269121,0.5611269121
G:10B:6P:1S:1,1,0.9045230676,0.6508049481,0.6508049481,0.6508049481
G:10B:6P:2S:0,1,0.8807856608,0.6053683406,0.6053683406,0.6053683406
G:10B:6P:2S:1,1,0.9746588694,0.6971769102,0.6971769102,0.6971769102
G:11B:0P:0S:0,0.7978532192,0.6147984089,0.435027546,0.435027546,0.435027546
G:11B:0P:0S:1,0.890535097,0.706866964,0.5204485212,0.5204485212,0.5204485212
G:11B:0P:1S:0,0.890535097,0.6823147359,0.4769662646,0.4769662646,0.4769662646
G:11B:0P:1S:1,0.9825840707,0.7752164747,0.5682894346,0.5682894346,0.5682894346
G:11B:0P:2S:0,0.9825840707,0.7521950432,0.5204485212,0.5204485212,0.5204485212
G:11B:0P:2S:1,1,0.8453242244,0.612745066,0.612745066,0.612745066
G:11B:1P:0S:0,0.8285504794,0.6370756719,0.4488456726,0.4488456726,0.4488456726
G:11B:1P:0S:1,0.9215562993,0.7294008787,0.5394515383,0.5394515383,0.5394515383
G:11B:1P:1S:0,0.9215562993,0.706866964,0.491331924,0.491331924,0.491331924
G:11B:1P:1S:1,1,0.7984325272,0.5829931254,0.5829931254,0.5829931254
G:11B:1P:2S:0,1,0.7752164747,0.5394515383,0.5394515383,0.5394515383
G:11B:1P:2S:1,1,0.8689434388,0.6278628959,0.6278628959,0.6278628959
G:11B:2P:0S:0,0.8594558461,0.6595906268,0.4628572843,0.4628572843,0.4628572843
G:11B:2P:0S:1,0.9517248786,0.7521950432,0.5538304191,0.5538304191,0.5538304191
G:11B:2P:1S:0,0.9517248786,0.7294008787,0.5058590283,0.5058590283,0.5058590283
G:11B:2P:1S:1,1,0.8218116517,0.5978450275,0.5978450275,0.5978450275
G:11B:2P:2S:0,1,0.7984325272,0.5538304191,0.5538304191,0.5538304191
G:11B:2P:2S:1,1,0.8926462477,0.6430993341,0.6430993341,0.6430993341
G:11B:3P:0S:0,0.890443515,0.6823147359,0.4770517847,0.4770517847,0.4770517847
G:11B:3P:0S:1,0.9824822627,0.7752164747,0.5683770201,0.5683770201,0.5683770201
G:11B:3P:1S:0,0.9824822627,0.7521950432,0.5205368397,0.5205368397,0.5205368397
G:11B:3P:1S:1,1,0.8453242244,0.6128352196,0.6128352196,0.6128352196
G:11B:3P:2S:0,1,0.8218116517,0.5683770201,0.5683770201,0.5683770201
G:11B:3P:2S:1,1,0.9163831189,0.658444714,0.658444714,0.658444714
G:11B:4P:0S:0,0.9214618606,0.706866964,0.4914184429,0.4914184429,0.4914184429
G:11B:4P:0S:1,1,0.7984325272,0.5830816277,0.5830816277,0.5830816277
G:11B:4P:1S:0,1,0.7752164747,0.5395371213,0.5395371213,0.5395371213
G:11B:4P:1S:1,1,0.8689434388,0.6279537888,0.6279537888,0.6279537888
G:11B:4P:2S:0,1,0.8453242244,0.5830816277,0.5830816277,0.5830816277
G:11B:4P:2S:1,1,0.9401288491,0.6738896047,0.6738896047,0.6738896047
G:11B:5P:0S:0,0.9516414635,0.7294008787,0.5059464815,0.5059464815,0.5059464815
G:11B:5P:0S:1,1,0.8218116517,0.5979343875,0.5979343875,0.5979343875
G:11B:5P:1S:0,1,0.7984325272,0.5539170349,0.5539170349,0.5539170349
G:11B:5P:1S:1,1,0.8926462477,0.643190908,0.643190908,0.643190908
G:11B:5P:2S:0,1,0.8689434388,0.5979343875,0.5979343875,0.5979343875
G:11B:5P:2S:1,1,0.9633331326,0.6894248834,0.6894248834,0.6894248834
G:11B:6P:0S:0,0.9823805143,0.7521950432,0.5206251632,0.5206251632,0.5206251632
G:11B:6P:0S:1,1,0.8453242244,0.6129253777,0.6129253777,0.6129253777
G:11B:6P:1S:0,1,0.8218116517,0.5684646111,0.5684646111,0.5684646111
G:11B:6P:1S:1,1,0.9163831189,0.6585369115,0.6585369115,0.6585369115
G:11B:6P:2S:0,1,0.8926462477,0.6129253777,0.6129253777,0.6129253777
G:11B:6P:2S:1,1,0.9868623944,0.7073290118,0.7073290118,0.7073290118
G:12B:0P:0S:0,0.8132182795,0.6259054896,0.4419531428,0.4419531428,0.4419531428
G:12B:0P:0S:1,0.9059730912,0.7180993347,0.532370494,0.532370494,0.532370494
G:12B:0P:1S:0,0.9059730912,0.6957078305,0.484171253,0.484171253,0.484171253
G:12B:0P:1S:1,1,0.7868021802,0.5756661602,0.5756661602,0.5756661602
G:12B:0P:2S:0,1,0.7636794074,0.532370494,0.532370494,0.532370494
G:12B:0P:2S:1,1,0.8571220413,0.6203338083,0.6203338083,0.6203338083
G:12B:1P:0S:0,0.8440270384,0.6483052571,0.4558699041,0.4558699041,0.4558699041
G:12B:1P:0S:1,0.9373960253,0.7407674907,0.5466624666,0.5466624666,0.5466624666
G:12B:1P:1S:0,0.9373960253,0.7180993347,0.4986194649,0.4986194649,0.4986194649
G:12B:1P:1S:1,1,0.8101036123,0.5904456381,0.5904456381,0.5904456381
G:12B:1P:2S:0,1,0.7868021802,0.5466624666,0.5466624666,0.5466624666
G:12B:1P:2S:1,1,0.8807856608,0.6355125176,0.6355125176,0.6355125176
G:12B:2P:0S:0,0.8750167873,0.6709282576,0.4699748426,0.4699748426,0.4699748426
G:12B:2P:0S:1,0.9663871231,0.7636794074,0.5611269121,0.5611269121,0.5611269121
G:12B:2P:1S:0,0.9663871231,0.7407674907,0.5132237103,0.5132237103,0.5132237103
G:12B:2P:1S:1,1,0.8335530093,0.6053683406,0.6053683406,0.6053683406
G:12B:2P:2S:0,1,0.8101036123,0.5611269121,0.5611269121,0.5611269121
G:12B:2P:2S:1,1,0.9045230676,0.6508049481,0.6508049481,0.6508049481
G:12B:3P:0S:0,0.9058798634,0.6957078305,0.4842572836,0.4842572836,0.4842572836
G:12B:3P:0S:1,1,0.7868021802,0.5757542142,0.5757542142,0.5757542142
G:12B:3P:1S:0,1,0.7636794074,0.5324555427,0.5324555427,0.5324555427
G:12B:3P:1S:1,1,0.8571220413,0.6204243411,0.6204243411,0.6204243411
G:12B:3P:2S:0,1,0.8335530093,0.5757542142,0.5757542142,0.5757542142
G:12B:3P:2S:1,1,0.9282023852,0.6662015425,0.6662015425,0.6662015425
G:12B:4P:0S:0,0.9373008585,0.7180993347,0.4987064619,0.4987064619,0.4987064619
G:12B:4P:0S:1,1,0.8101036123,0.5905345793,0.5905345793,0.5905345793
G:12B:4P:1S:0,1,0.7868021802,0.5467485762,0.5467485762,0.5467485762
G:12B:4P:1S:1,1,0.8807856608,0.6356037602,0.6356037602,0.6356037602
G:12B:4P:2S:0,1,0.8571220413,0.5905345793,0.5905345793,0.5905345793
G:12B:4P:2S:1,1,0.9521270518,0.6816930161,0.6816930161,0.6816930161
G:12B:5P:0S:0,0.9662948808,0.7407674907,0.5133116093,0.5133116093,0.5133116093
G:12B:5P:0S:1,1,0.8335530093,0.6054581095,0.6054581095,0.6054581095
G:12B:5P:1S:0,1,0.8101036123,0.5612140258,0.5612140258,0.5612140258
G:12B:5P:1S:1,1,0.9045230676,0.6508968427,0.6508968427,0.6508968427
G:12B:5P:2S:0,1,0.8807856608,0.6054581095,0.6054581095,0.6054581095
G:12B:5P:2S:1,1,0.9746588694,0.6972704268,0.6972704268,0.6972704268
G:12B:6P:0S:0,1,0.7636794074,0.5325405979,0.5325405979,0.5325405979
G:12B:6P:0S:1,1,0.8571220413,0.6205148783,0.6205148783,0.6205148783
G:12B:6P:1S:0,1,0.8335530093,0.5758422737,0.5758422737,0.5758422737
G:12B:6P:1S:1,1,0.9282023852,0.6662940325,0.6662940325,0.6662940325
G:12B:6P:2S:0,1,0.9045230676,0.6196097054,0.6196097054,0.6196097054
G:12B:6P:2S:1,1,1,0.714061295,0.714061295,0.714061295
G:1B:0P:0S:0,0.6466286752,0.5036750421,0.361634703,0.361634703,0.361634703
G:1B:0P:0S:1,0.7369786594,0.5927886516,0.4482625114,0.4482625114,0.4482625114
G:1B:0P:1S:0,0.7369786594,0.571076983,0.4022440217,0.4022440217,0.4022440217
G:1B:0P:1S:1,0.8282729128,0.6595906268,0.4907264537,0.4907264537,0.4907264537
G:1B:0P:2S:0,0.8282729128,0.6370756719,0.4482625114,0.4482625114,0.4482625114
G:1B:0P:2S:1,0.9212730008,0.7294008787,0.5388526353,0.5388526353,0.5388526353
G:1B:1P:0S:0,0.6762177236,0.5286709308,0.374985752,0.374985752,0.374985752
G:1B:1P:0S:1,0.767062343,0.6147984089,0.4622662245,0.4622662245,0.4622662245
G:1B:1P:1S:0,0.767062343,0.5927886516,0.4209280663,0.4209280663,0.4209280663
G:1B:1P:1S:1,0.859176651,0.6823147359,0.505247007,0.505247007,0.505247007
G:1B:1P:2S:0,0.859176651,0.6595906268,0.4622662245,0.4622662245,0.4622662245
G:1B:1P:2S:1,0.9514747859,0.7521950432,0.5532242767,0.5532242767,0.5532242767
G:1B:2P:0S:0,0.7072195862,0.5496942287,0.3885538338,0.3885538338,0.3885538338
G:1B:2P:0S:1,0.7974859916,0.6370756719,0.4764532737,0.4764532737,0.4764532737
G:1B:2P:1S:0,0.7974859916,0.6147984089,0.4345348188,0.4345348188,0.4345348188
G:1B:2P:1S:1,0.8901688352,0.706866964,0.5199187156,0.5199187156,0.5199187156
G:1B:2P:2S:0,0.8901688352,0.6823147359,0.4764532737,0.4764532737,0.4764532737
G:1B:2P:2S:1,0.9821771965,0.7752164747,0.5677640413,0.5677640413,0.5677640413
G:1B:3P:0S:0,0.736888903,0.571076983,0.4023270832,0.4023270832,0.4023270832
G:1B:3P:0S:1,0.8281803943,0.6595906268,0.490812932,0.490812932,0.490812932
G:1B:3P:1S:0,0.8281803943,0.6370756719,0.4483457993,0.4483457993,0.4483457993
G:1B:3P:1S:1,0.9211785798,0.7294008787,0.5389381737,0.5389381737,0.5389381737
G:1B:3P:2S:0,0.9211785798,0.706866964,0.490812932,0.490812932,0.490812932
G:1B:3P:2S:1,1,0.7984325272,0.5824622231,0.5824622231,0.5824622231
G:1B:4P:0S:0,0.7669714567,0.5927886516,0.421008916,0.421008916,0.421008916
G:1B:4P:0S:1,0.8590835888,0.6823147359,0.5053344224,0.5053344224,0.5053344224
G:1B:4P:1S:0,0.8590835888,0.6595906268,0.4623506419,0.4623506419,0.4623506419
G:1B:4P:1S:1,0.9513915233,0.7521950432,0.5533108504,0.5533108504,0.5533108504
G:1B:4P:2S:0,0.9513915233,0.7294008787,0.5053344224,0.5053344224,0.5053344224
G:1B:4P:2S:1,1,0.8218116517,0.5973089719,0.5973089719,0.5973089719
G:1B:5P:0S:0,0.7973941908,0.6147984089,0.4346169217,0.4346169217,0.4346169217
G:1B:5P:0S:1,0.8900772974,0.706866964,0.520007004,0.520007004,0.520007004
G:1B:5P:1S:0,0.8900772974,0.6823147359,0.4765387567,0.4765387567,0.4765387567
G:1B:5P:1S:1,0.9820756271,0.7752164747,0.5678515926,0.5678515926,0.5678515926
G:1B:5P:2S:0,0.9820756271,0.7521950432,0.520007004,0.520007004,0.520007004
G:1B:5P:2S:1,1,0.8453242244,0.6122943673,0.6122943673,0.6122943673
G:1B:6P:0S:0,0.8280878777,0.6370756719,0.4484290941,0.4484290941,0.4484290941
G:1B:6P:0S:1,0.9210841648,0.7294008787,0.5390237186,0.5390237186,0.5390237186
G:1B:6P:1S:0,0.9210841648,0.706866964,0.4908994162,0.4908994162,0.4908994162
G:1B:6P:1S:1,1,0.7984325272,0.5825506935,0.5825506935,0.5825506935
G:1B:6P:2S:0,1,0.7752164747,0.5390237186,0.5390237186,0.5390237186
G:1B:6P:2S:1,1,0.8689434388,0.6274084952,0.6274084952,0.6274084952
G:2B:0P:0S:0,0.6614240345,0.5183034188,0.3683223403,0.3683223403,0.3683223403
G:2B:0P:0S:1,0.7520186681,0.6037581925,0.4552827143,0.4552827143,0.4552827143
G:2B:0P:1S:0,0.7520186681,0.5818936291,0.4092450844,0.4092450844,0.4092450844
G:2B:0P:1S:1,0.8437485973,0.6709282576,0.4980106432,0.4980106432,0.4980106432
G:2B:0P:2S:0,0.8437485973,0.6483052571,0.4552827143,0.4552827143,0.4552827143
G:2B:0P:2S:1,0.9371105332,0.7407674907,0.5460598724,0.5460598724,0.5460598724
G:2B:1P:0S:0,0.692606835,0.539135764,0.3817840266,0.3817840266,0.3817840266
G:2B:1P:0S:1,0.7822818115,0.6259054896,0.4693799786,0.4693799786,0.4693799786
G:2B:1P:1S:0,0.7822818115,0.6037581925,0.4277460183,0.4277460183,0.4277460183
G:2B:1P:1S:1,0.8747369338,0.6957078305,0.5126085638,0.5126085638,0.5126085638
G:2B:1P:2S:0,0.8747369338,0.6709282576,0.4693799786,0.4693799786,0.4693799786
G:2B:1P:2S:1,0.9661105612,0.7636794074,0.5605172801,0.5605172801,0.5605172801
G:2B:2P:0S:0,0.7220425139,0.5603425699,0.3954568,0.3954568,0.3954568
G:2B:2P:0S:1,0.8128495253,0.6483052571,0.4836551952,0.4836551952,0.4836551952
G:2B:2P:1S:0,0.8128495253,0.6259054896,0.4414567746,0.4414567746,0.4414567746
G:2B:2P:1S:1,0.9056002318,0.7180993347,0.5318603388,0.5318603388,0.5318603388
G:2B:2P:2S:0,0.9056002318,0.6957078305,0.4836551952,0.4836551952,0.4836551952
G:2B:2P:2S:1,1,0.7868021802,0.5751379516,0.5751379516,0.5751379516
G:2B:3P:0S:0,0.7519283175,0.5818936291,0.4093287187,0.4093287187,0.4093287187
G:2B:3P:0S:1,0.8436557869,0.6709282576,0.4980976009,0.4980976009,0.4980976009
G:2B:3P:1S:0,0.8436557869,0.6483052571,0.4553665783,0.4553665783,0.4553665783
G:2B:3P:1S:1,0.9370153747,0.7407674907,0.5461459387,0.5461459387,0.5461459387
G:2B:3P:2S:0,0.9370153747,0.7180993347,0.4980976009,0.4980976009,0.4980976009
G:2B:3P:2S:1,1,0.8101036123,0.5899120991,0.5899120991,0.5899120991
G:2B:4P:0S:0,0.7821904405,0.6037581925,0.4278275059,0.4278275059,0.4278275059
G:2B:4P:0S:1,0.8746436518,0.6957078305,0.5126964262,0.5126964262,0.5126964262
G:2B:4P:1S:0,0.8746436518,0.6709282576,0.4694649401,0.4694649401,0.4694649401
G:2B:4P:1S:1,0.9660184837,0.7636794074,0.5606043529,0.5606043529,0.5606043529
G:2B:4P:2S:0,0.9660184837,0.7407674907,0.5126964262,0.5126964262,0.5126964262
G:2B:4P:2S:1,1,0.8335530093,0.6048298277,0.6048298277,0.6048298277
G:2B:5P:0S:0,0.8127573421,0.6259054896,0.4415394848,0.4415394848,0.4415394848
G:2B:5P:0S:1,0.9055070387,0.7180993347,0.5319453483,0.5319453483,0.5319453483
G:2B:5P:1S:0,0.9055070387,0.6957078305,0.4837411899,0.4837411899,0.4837411899
G:2B:5P:1S:1,0.9998880325,0.7868021802,0.5752259726,0.5752259726,0.5752259726
G:2B:5P:2S:0,0.9998880325,0.7636794074,0.5319453483,0.5319453483,0.5319453483
G:2B:5P:2S:1,1,0.8571220413,0.6198812107,0.6198812107,0.6198812107
G:2B:6P:0S:0,0.843562978,0.6483052571,0.455450449,0.455450449,0.455450449
G:2B:6P:0S:1,0.9369202191,0.7407674907,0.5462320112,0.5462320112,0.5462320112
G:2B:6P:1S:0,0.9369202191,0.7180993347,0.4981845643,0.4981845643,0.4981845643
G:2B:6P:1S:1,1,0.8101036123,0.5900010094,0.5900010094,0.5900010094
G:2B:6P:2S:0,1,0.7868021802,0.5462320112,0.5462320112,0.5462320112
G:2B:6P:2S:1,1,0.8807856608,0.6350563656,0.6350563656,0.6350563656
G:3B:0P:0S:0,0.6763070905,0.5286709308,0.3750663638,0.3750663638,0.3750663638
G:3B:0P:0S:1,0.7671532323,0.6147984089,0.4623506419,0.4623506419,0.4623506419
G:3B:0P:1S:0,0.7671532323,0.5927886516,0.421008916,0.421008916,0.421008916
G:3B:0P:1S:1,0.8592697146,0.6823147359,0.5053344224,0.5053344224,0.5053344224
G:3B:0P:2S:0,0.8592697146,0.6595906268,0.4623506419,0.4623506419,0.4623506419
G:3B:0P:2S:1,0.9515580993,0.7521950432,0.5533108504,0.5533108504,0.5533108504
G:3B:1P:0S:0,0.7073079909,0.5496942287,0.3886357097,0.3886357097,0.3886357097
G:3B:1P:0S:1,0.7975777948,0.6370756719,0.4765387567,0.4765387567,0.4765387567
G:3B:1P:1S:0,0.7975777948,0.6147984089,0.4346169217,0.4346169217,0.4346169217
G:3B:1P:1S:1,0.8902603841,0.706866964,0.520007004,0.520007004,0.520007004
G:3B:1P:2S:0,0.8902603841,0.6823147359,0.4765387567,0.4765387567,0.4765387567
G:3B:1P:2S:1,0.9822788256,0.7752164747,0.5678515926,0.5678515926,0.5678515926
G:3B:2P:0S:0,0.7369786594,0.571076983,0.4024101516,0.4024101516,0.4024101516
G:3B:2P:0S:1,0.8282729128,0.6595906268,0.4908994162,0.4908994162,0.4908994162
G:3B:2P:1S:0,0.8282729128,0.6370756719,0.4484290941,0.4484290941,0.4484290941
G:3B:2P:1S:1,0.9212730008,0.7294008787,0.5390237186,0.5390237186,0.5390237186
G:3B:2P:2S:0,0.9212730008,0.706866964,0.4908994162,0.4908994162,0.4908994162
G:3B:2P:2S:1,1,0.7984325272,0.5825506935,0.5825506935,0.5825506935
G:3B:3P:0S:0,0.767062343,0.5927886516,0.4210897734,0.4210897734,0.4210897734
G:3B:3P:0S:1,0.859176651,0.6823147359,0.5054218432,0.5054218432,0.5054218432
G:3B:3P:1S:0,0.859176651,0.6595906268,0.4624350659,0.4624350659,0.4624350659
G:3B:3P:1S:1,0.9514747859,0.7521950432,0.5533974301,0.5533974301,0.5533974301
G:3B:3P:2S:0,0.9514747859,0.7294008787,0.5054218432,0.5054218432,0.5054218432
G:3B:3P:2S:1,1,0.8218116517,0.597398302,0.597398302,0.597398302
G:3B:4P:0S:0,0.7974859916,0.6147984089,0.4346990319,0.4346990319,0.4346990319
G:3B:4P:0S:1,0.8901688352,0.706866964,0.5200952973,0.5200952973,0.5200952973
G:3B:4P:1S:0,0.8901688352,0.6823147359,0.4766242459,0.4766242459,0.4766242459
G:3B:4P:1S:1,0.9821771965,0.7752164747,0.5679391497,0.5679391497,0.5679391497
G:3B:4P:2S:0,0.9821771965,0.7521950432,0.5200952973,0.5200952973,0.5200952973
G:3B:4P:2S:1,1,0.8453242244,0.6123844979,0.6123844979,0.6123844979
G:3B:5P:0S:0,0.8281803943,0.6370756719,0.4485123959,0.4485123959,0.4485123959
G:3B:5P:0S:1,0.9211785798,0.7294008787,0.5391092698,0.5391092698,0.5391092698
G:3B:5P:1S:0,0.9211785798,0.706866964,0.4909859062,0.4909859062,0.4909859062
G:3B:5P:1S:1,1,0.7984325272,0.5826391692,0.5826391692,0.5826391692
G:3B:5P:2S:0,1,0.7752164747,0.5391092698,0.5391092698,0.5391092698
G:3B:5P:2S:1,1,0.8689434388,0.6274993668,0.6274993668,0.6274993668
G:3B:6P:0S:0,0.8590835888,0.6595906268,0.4625194964,0.4625194964,0.4625194964
G:3B:6P:0S:1,0.9513915233,0.7521950432,0.5534840159,0.5534840159,0.5534840159
G:3B:6P:1S:0,0.9513915233,0.7294008787,0.5055092694,0.5055092694,0.5055092694
G:3B:6P:1S:1,1,0.8218116517,0.5974876372,0.5974876372,0.5974876372
G:3B:6P:2S:0,1,0.7984325272,0.5534840159,0.5534840159,0.5534840159
G:3B:6P:2S:1,1,0.8926462477,0.6427330779,0.6427330779,0.6427330779
G:4B:0P:0S:0,0.6926944831,0.539135764,0.3818652831,0.3818652831,0.3818652831
G:4B:0P:0S:1,0.7823731852,0.6259054896,0.4694649401,0.4694649401,0.4694649401
G:4B:0P:1S:0,0.7823731852,0.6037581925,0.4278275059,0.4278275059,0.4278275059
G:4B:0P:1S:1,0.8748302171,0.6957078305,0.5126964262,0.5126964262,0.5126964262
G:4B:0P:2S:0,0.8748302171,0.6709282576,0.4694649401,0.4694649401,0.4694649401
G:4B:0P:2S:1,0.9662026936,0.7636794074,0.5606043529,0.5606043529,0.5606043529
G:4B:1P:0S:0,0.7221316242,0.5603425699,0.3955392847,0.3955392847,0.3955392847
G:4B:1P:0S:1,0.8129417106,0.6483052571,0.4837411899,0.4837411899,0.4837411899
G:4B:1P:1S:0,0.8129417106,0.6259054896,0.4415394848,0.4415394848,0.4415394848
G:4B:1P:1S:1,0.9056934337,0.7180993347,0.5319453483,0.5319453483,0.5319453483
G:4B:1P:2S:0,0.9056934337,0.6957078305,0.4837411899,0.4837411899,0.4837411899
G:4B:1P:2S:1,1,0.7868021802,0.5752259726,0.5752259726,0.5752259726
G:4B:2P:0S:0,0.7520186681,0.5818936291,0.4094123597,0.4094123597,0.4094123597
G:4B:2P:0S:1,0.8437485973,0.6709282576,0.4981845643,0.4981845643,0.4981845643
G:4B:2P:1S:0,0.8437485973,0.6483052571,0.455450449,0.455450449,0.455450449
G:4B:2P:1S:1,0.9371105332,0.7407674907,0.5462320112,0.5462320112,0.5462320112
G:4B:2P:2S:0,0.9371105332,0.7180993347,0.4981845643,0.4981845643,0.4981845643
G:4B:2P:2S:1,1,0.8101036123,0.5900010094,0.5900010094,0.5900010094
G:4B:3P:0S:0,0.7822818115,0.6037581925,0.4279090009,0.4279090009,0.4279090009
G:4B:3P:0S:1,0.8747369338,0.6957078305,0.5127842938,0.5127842938,0.5127842938
G:4B:3P:1S:0,0.8747369338,0.6709282576,0.4695499079,0.4695499079,0.4695499079
G:4B:3P:1S:1,0.9661105612,0.7636794074,0.5606914315,0.5606914315,0.5606914315
G:4B:3P:2S:0,0.9661105612,0.7407674907,0.5127842938,0.5127842938,0.5127842938
G:4B:3P:2S:1,1,0.8335530093,0.6049195679,0.6049195679,0.6049195679
G:4B:4P:0S:0,0.8128495253,0.6259054896,0.4416222021,0.4416222021,0.4416222021
G:4B:4P:0S:1,0.9056002318,0.7180993347,0.5320303644,0.5320303644,0.5320303644
G:4B:4P:1S:0,0.9056002318,0.6957078305,0.4838271905,0.4838271905,0.4838271905
G:4B:4P:1S:1,1,0.7868021802,0.5753139991,0.5753139991,0.5753139991
G:4B:4P:2S:0,1,0.7636794074,0.5320303644,0.5320303644,0.5320303644
G:4B:4P:2S:1,1,0.8571220413,0.6199717213,0.6199717213,0.6199717213
G:4B:5P:0S:0,0.8436557869,0.6483052571,0.4555343265,0.4555343265,0.4555343265
G:4B:5P:0S:1,0.9370153747,0.7407674907,0.5463180899,0.5463180899,0.5463180899
G:4B:5P:1S:0,0.9370153747,0.7180993347,0.4982715332,0.4982715332,0.4982715332
G:4B:5P:1S:1,1,0.8101036123,0.5900899248,0.5900899248,0.5900899248
G:4B:5P:2S:0,1,0.7868021802,0.5463180899,0.5463180899,0.5463180899
G:4B:5P:2S:1,1,0.8807856608,0.6351475878,0.6351475878,0.6351475878
G:4B:6P:0S:0,0.8746436518,0.6709282576,0.4696348821,0.4696348821,0.4696348821
G:4B:6P:0S:1,0.9660184837,0.7636794074,0.5607785159,0.5607785159,0.5607785159
G:4B:6P:1S:0,0.9660184837,0.7407674907,0.5128721667,0.5128721667,0.5128721667
G:4B:6P:1S:1,1,0.8335530093,0.6050093129,0.6050093129,0.6050093129
G:4B:6P:2S:0,1,0.8101036123,0.5607785159,0.5607785159,0.5607785159
G:4B:6P:2S:1,1,0.9045230676,0.6504374071,0.6504374071,0.6504374071
G:5B:0P:0S:0,0.7073963999,0.5496942287,0.388717593,0.388717593,0.388717593
G:5B:0P:0S:1,0.7976696005,0.6370756719,0.4766242459,0.4766242459,0.4766242459
G:5B:0P:1S:0,0.7976696005,0.6147984089,0.4346990319,0.4346990319,0.4346990319
G:5B:0P:1S:1,0.890351944,0.706866964,0.5200952973,0.5200952973,0.5200952973
G:5B:0P:2S:0,0.890351944,0.6823147359,0.4766242459,0.4766242459,0.4766242459
G:5B:0P:2S:1,0.9823805143,0.7752164747,0.5679391497,0.5679391497,0.5679391497
G:5B:1P:0S:0,0.7370684195,0.571076983,0.4024932269,0.4024932269,0.4024932269
G:5B:1P:0S:1,0.8283654331,0.6595906268,0.4909859062,0.4909859062,0.4909859062
G:5B:1P:1S:0,0.8283654331,0.6370756719,0.4485123959,0.4485123959,0.4485123959
G:5B:1P:1S:1,0.9213674277,0.7294008787,0.5391092698,0.5391092698,0.5391092698
G:5B:1P:2S:0,0.9213674277,0.706866964,0.4909859062,0.4909859062,0.4909859062
G:5B:1P:2S:1,1,0.7984325272,0.5826391692,0.5826391692,0.5826391692
G:5B:2P:0S:0,0.7671532323,0.5927886516,0.4211706384,0.4211706384,0.4211706384
G:5B:2P:0S:1,0.8592697146,0.6823147359,0.5055092694,0.5055092694,0.5055092694
G:5B:2P:1S:0,0.8592697146,0.6595906268,0.4625194964,0.4625194964,0.4625194964
G:5B:2P:1S:1,0.9515580993,0.7521950432,0.5534840159,0.5534840159,0.5534840159
G:5B:2P:2S:0,0.9515580993,0.7294008787,0.5055092694,0.5055092694,0.5055092694
G:5B:2P:2S:1,1,0.8218116517,0.5974876372,0.5974876372,0.5974876372
G:5B:3P:0S:0,0.7975777948,0.6147984089,0.4347811495,0.4347811495,0.4347811495
G:5B:3P:0S:1,0.8902603841,0.706866964,0.5201835958,0.5201835958,0.5201835958
G:5B:3P:1S:0,0.8902603841,0.6823147359,0.4767097413,0.4767097413,0.4767097413
G:5B:3P:1S:1,0.9822788256,0.7752164747,0.5680267124,0.5680267124,0.5680267124
G:5B:3P:2S:0,0.9822788256,0.7521950432,0.5201835958,0.5201835958,0.5201835958
G:5B:3P:2S:1,1,0.8453242244,0.612474633,0.612474633,0.612474633
G:5B:4P:0S:0,0.8282729128,0.6370756719,0.4485957047,0.4485957047,0.4485957047
G:5B:4P:0S:1,0.9212730008,0.7294008787,0.5391948274,0.5391948274,0.5391948274
G:5B:4P:1S:0,0.9212730008,0.706866964,0.4910724019,0.4910724019,0.4910724019
G:5B:4P:1S:1,1,0.7984325272,0.5827276503,0.5827276503,0.5827276503
G:5B:4P:2S:0,1,0.7752164747,0.5391948274,0.5391948274,0.5391948274
G:5B:4P:2S:1,1,0.8689434388,0.6275902427,0.6275902427,0.6275902427
G:5B:5P:0S:0,0.859176651,0.6595906268,0.4626039336,0.4626039336,0.4626039336
G:5B:5P:0S:1,0.9514747859,0.7521950432,0.5535706076,0.5535706076,0.5535706076
G:5B:5P:1S:0,0.9514747859,0.7294008787,0.505596701,0.505596701,0.505596701
G:5B:5P:1S:1,1,0.8218116517,0.5975769773,0.5975769773,0.5975769773
G:5B:5P:2S:0,1,0.7984325272,0.5535706076,0.5535706076,0.5535706076
G:5B:5P:2S:1,1,0.8926462477,0.6428246361,0.6428246361,0.6428246361
G:5B:6P:0S:0,0.8901688352,0.6823147359,0.4767952429,0.4767952429,0.4767952429
G:5B:6P:0S:1,0.9821771965,0.7752164747,0.5681142808,0.5681142808,0.5681142808
G:5B:6P:1S:0,0.9821771965,0.7521950432,0.5202718992,0.5202718992,0.5202718992
G:5B:6P:1S:1,1,0.8453242244,0.6125647727,0.6125647727,0.6125647727
G:5B:6P:2S:0,1,0.8218116517,0.5681142808,0.5681142808,0.5681142808
G:5B:6P:2S:1,1,0.9163831189,0.6581681429,0.6581681429,0.6581681429
G:6B:0P:0S:0,0.7222207387,0.5603425699,0.3956217765,0.3956217765,0.3956217765
G:6B:0P:0S:1,0.8130338981,0.6483052571,0.4838271905,0.4838271905,0.4838271905
G:6B:0P:1S:0,0.8130338981,0.6259054896,0.4416222021,0.4416222021,0.4416222021
G:6B:0P:1S:1,0.9057866442,0.7180993347,0.5320303644,0.5320303644,0.5320303644
G:6B:0P:2S:0,0.9057866442,0.6957078305,0.4838271905,0.4838271905,0.4838271905
G:6B:0P:2S:1,1,0.7868021802,0.5753139991,0.5753139991,0.5753139991
G:6B:1P:0S:0,0.752109022,0.5818936291,0.4094960075,0.4094960075,0.4094960075
G:6B:1P:0S:1,0.8438414094,0.6709282576,0.4982715332,0.4982715332,0.4982715332
G:6B:1P:1S:0,0.8438414094,0.6483052571,0.4555343265,0.4555343265,0.4555343265
G:6B:1P:1S:1,0.9372056945,0.7407674907,0.5463180899,0.5463180899,0.5463180899
G:6B:1P:2S:0,0.9372056945,0.7180993347,0.4982715332,0.4982715332,0.4982715332
G:6B:1P:2S:1,1,0.8101036123,0.5900899248,0.5900899248,0.5900899248
G:6B:2P:0S:0,0.7823731852,0.6037581925,0.4279905035,0.4279905035,0.4279905035
G:6B:2P:0S:1,0.8748302171,0.6957078305,0.5128721667,0.5128721667,0.5128721667
G:6B:2P:1S:0,0.8748302171,0.6709282576,0.4696348821,0.4696348821,0.4696348821
G:6B:2P:1S:1,0.9662026936,0.7636794074,0.5607785159,0.5607785159,0.5607785159
G:6B:2P:2S:0,0.9662026936,0.7407674907,0.5128721667,0.5128721667,0.5128721667
G:6B:2P:2S:1,1,0.8335530093,0.6050093129,0.6050093129,0.6050093129
G:6B:3P:0S:0,0.8129417106,0.6259054896,0.4417049266,0.4417049266,0.4417049266
G:6B:3P:0S:1,0.9056934337,0.7180993347,0.532115387,0.532115387,0.532115387
G:6B:3P:1S:0,0.9056934337,0.6957078305,0.4839131972,0.4839131972,0.4839131972
G:6B:3P:1S:1,1,0.7868021802,0.5754020311,0.5754020311,0.5754020311
G:6B:3P:2S:0,1,0.7636794074,0.532115387,0.532115387,0.532115387
G:6B:3P:2S:1,1,0.8571220413,0.6200622364,0.6200622364,0.6200622364
G:6B:4P:0S:0,0.8437485973,0.6483052571,0.4556182108,0.4556182108,0.4556182108
G:6B:4P:0S:1,0.9371105332,0.7407674907,0.5464041748,0.5464041748,0.5464041748
G:6B:4P:1S:0,0.9371105332,0.7180993347,0.4983585077,0.4983585077,0.4983585077
G:6B:4P:1S:1,1,0.8101036123,0.5901788454,0.5901788454,0.5901788454
G:6B:4P:2S:0,1,0.7868021802,0.5464041748,0.5464041748,0.5464041748
G:6B:4P:2S:1,1,0.8807856608,0.6352388141,0.6352388141,0.6352388141
G:6B:5P:0S:0,0.8747369338,0.6709282576,0.4697198627,0.4697198627,0.4697198627
G:6B:5P:0S:1,0.9661105612,0.7636794074,0.5608656062,0.5608656062,0.5608656062
G:6B:5P:1S:0,0.9661105612,0.7407674907,0.5129600448,0.5129600448,0.5129600448
G:6B:5P:1S:1,1,0.8335530093,0.6050990626,0.6050990626,0.6050990626
G:6B:5P:2S:0,1,0.8101036123,0.5608656062,0.5608656062,0.5608656062
G:6B:5P:2S:1,1,0.9045230676,0.6505292867,0.6505292867,0.6505292867
G:6B:6P:0S:0,0.9056002318,0.6957078305,0.4839992098,0.4839992098,0.4839992098
G:6B:6P:0S:1,1,0.7868021802,0.5754900687,0.5754900687,0.5754900687
G:6B:6P:1S:0,1,0.7636794074,0.5322004162,0.5322004162,0.5322004162
G:6B:6P:1S:1,1,0.8571220413,0.620152756,0.620152756,0.620152756
G:6B:6P:2S:0,1,0.8335530093,0.5754900687,0.5754900687,0.5754900687
G:6B:6P:2S:1,1,0.9282023852,0.6659240927,0.6659240927,0.6659240927
G:7B:0P:0S:0,0.7371581834,0.571076983,0.4025763091,0.4025763091,0.4025763091
G:7B:0P:0S:1,0.8284579553,0.6595906268,0.4910724019,0.4910724019,0.4910724019
G:7B:0P:1S:0,0.8284579553,0.6370756719,0.4485957047,0.4485957047,0.4485957047
G:7B:0P:1S:1,0.9214618606,0.7294008787,0.5391948274,0.5391948274,0.5391948274
G:7B:0P:2S:0,0.9214618606,0.706866964,0.4910724019,0.4910724019,0.4910724019
G:7B:0P:2S:1,1,0.7984325272,0.5827276503,0.5827276503,0.5827276503
G:7B:1P:0S:0,0.7672441247,0.5927886516,0.4212515111,0.4212515111,0.4212515111
G:7B:1P:0S:1,0.8593627797,0.6823147359,0.505596701,0.505596701,0.505596701
G:7B:1P:1S:0,0.8593627797,0.6595906268,0.4626039336,0.4626039336,0.4626039336
G:7B:1P:1S:1,0.9516414635,0.7521950432,0.5535706076,0.5535706076,0.5535706076
G:7B:1P:2S:0,0.9516414635,0.7294008787,0.505596701,0.505596701,0.505596701
G:7B:1P:2S:1,1,0.8218116517,0.5975769773,0.5975769773,0.5975769773
G:7B:2P:0S:0,0.7976696005,0.6147984089,0.4348632743,0.4348632743,0.4348632743
G:7B:2P:0S:1,0.890351944,0.706866964,0.5202718992,0.5202718992,0.5202718992
G:7B:2P:1S:0,0.890351944,0.6823147359,0.4767952429,0.4767952429,0.4767952429
G:7B:2P:1S:1,0.9823805143,0.7752164747,0.5681142808,0.5681142808,0.5681142808
G:7B:2P:2S:0,0.9823805143,0.7521950432,0.5202718992,0.5202718992,0.5202718992
G:7B:2P:2S:1,1,0.8453242244,0.6125647727,0.6125647727,0.6125647727
G:7B:3P:0S:0,0.8283654331,0.6370756719,0.4486790204,0.4486790204,0.4486790204
G:7B:3P:0S:1,0.9213674277,0.7294008787,0.5392803913,0.5392803913,0.5392803913
G:7B:3P:1S:0,0.9213674277,0.706866964,0.4911589035,0.4911589035,0.4911589035
G:7B:3P:1S:1,1,0.7984325272,0.5828161367,0.5828161367,0.5828161367
G:7B:3P:2S:0,1,0.7752164747,0.5392803913,0.5392803913,0.5392803913
G:7B:3P:2S:1,1,0.8689434388,0.6276811228,0.6276811228,0.6276811228
G:7B:4P:0S:0,0.8592697146,0.6595906268,0.4626883773,0.4626883773,0.4626883773
G:7B:4P:0S:1,0.9515580993,0.7521950432,0.5536572054,0.5536572054,0.5536572054
G:7B:4P:1S:0,0.9515580993,0.7294008787,0.505684138,0.505684138,0.505684138
G:7B:4P:1S:1,1,0.8218116517,0.5976663224,0.5976663224,0.5976663224
G:7B:4P:2S:0,1,0.7984325272,0.5536572054,0.5536572054,0.5536572054
G:7B:4P:2S:1,1,0.8926462477,0.6429161982,0.6429161982,0.6429161982
G:7B:5P:0S:0,0.8902603841,0.6823147359,0.4768807506,0.4768807506,0.4768807506
G:7B:5P:0S:1,0.9822788256,0.7752164747,0.5682018549,0.5682018549,0.5682018549
G:7B:5P:1S:0,0.9822788256,0.7521950432,0.5203602077,0.5203602077,0.5203602077
G:7B:5P:1S:1,1,0.8453242244,0.6126549171,0.6126549171,0.6126549171
G:7B:5P:2S:0,1,0.8218116517,0.5682018549,0.5682018549,0.5682018549
G:7B:5P:2S:1,1,0.9163831189,0.6582603297,0.6582603297,0.6582603297
G:7B:6P:0S:0,0.9212730008,0.706866964,0.4912454108,0.4912454108,0.4912454108
G:7B:6P:0S:1,1,0.7984325272,0.5829046284,0.5829046284,0.5829046284
G:7B:6P:1S:0,1,0.7752164747,0.5393659616,0.5393659616,0.5393659616
G:7B:6P:1S:1,1,0.8689434388,0.6277720072,0.6277720072,0.6277720072
G:7B:6P:2S:0,1,0.8453242244,0.5829046284,0.5829046284,0.5829046284
G:7B:6P:2S:1,1,0.9401288491,0.6737040834,0.6737040834,0.6737040834
G:8B:0P:0S:0,0.7521993794,0.5818936291,0.4095796619,0.4095796619,0.4095796619
G:8B:0P:0S:1,0.8439342231,0.6709282576,0.4983585077,0.4983585077,0.4983585077
G:8B:0P:1S:0,0.8439342231,0.6483052571,0.4556182108,0.4556182108,0.4556182108
G:8B:0P:1S:1,0.9373008585,0.7407674907,0.5464041748,0.5464041748,0.5464041748
G:8B:0P:2S:0,0.9373008585,0.7180993347,0.4983585077,0.4983585077,0.4983585077
G:8B:0P:2S:1,1,0.8101036123,0.5901788454,0.5901788454,0.5901788454
G:8B:1P:0S:0,0.7824645617,0.6037581925,0.4280720136,0.4280720136,0.4280720136
G:8B:1P:0S:1,0.8749235016,0.6957078305,0.5129600448,0.5129600448,0.5129600448
G:8B:1P:1S:0,0.8749235016,0.6709282576,0.4697198627,0.4697198627,0.4697198627
G:8B:1P:1S:1,0.9662948808,0.7636794074,0.5608656062,0.5608656062,0.5608656062
G:8B:1P:2S:0,0.9662948808,0.7407674907,0.5129600448,0.5129600448,0.5129600448
G:8B:1P:2S:1,1,0.8335530093,0.6050990626,0.6050990626,0.6050990626
G:8B:2P:0S:0,0.8130338981,0.6259054896,0.4417876582,0.4417876582,0.4417876582
G:8B:2P:0S:1,0.9057866442,0.7180993347,0.5322004162,0.5322004162,0.5322004162
G:8B:2P:1S:0,0.9057866442,0.6957078305,0.4839992098,0.4839992098,0.4839992098
G:8B:2P:1S:1,1,0.7868021802,0.5754900687,0.5754900687,0.5754900687
G:8B:2P:2S:0,1,0.7636794074,0.5322004162,0.5322004162,0.5322004162
G:8B:2P:2S:1,1,0.8571220413,0.620152756,0.620152756,0.620152756
G:8B:3P:0S:0,0.8438414094,0.6483052571,0.4557021018,0.4557021018,0.4557021018
G:8B:3P:0S:1,0.9372056945,0.7407674907,0.5464902659,0.5464902659,0.5464902659
G:8B:3P:1S:0,0.9372056945,0.7180993347,0.4984454879,0.4984454879,0.4984454879
G:8B:3P:1S:1,1,0.8101036123,0.5902677712,0.5902677712,0.5902677712
G:8B:3P:2S:0,1,0.7868021802,0.5464902659,0.5464902659,0.5464902659
G:8B:3P:2S:1,1,0.8807856608,0.6353300445,0.6353300445,0.6353300445
G:8B:4P:0S:0,0.8748302171,0.6709282576,0.4698048496,0.4698048496,0.4698048496
G:8B:4P:0S:1,0.9662026936,0.7636794074,0.5609527023,0.5609527023,0.5609527023
G:8B:4P:1S:0,0.9662026936,0.7407674907,0.5130479281,0.5130479281,0.5130479281
G:8B:4P:1S:1,1,0.8335530093,0.6051888172,0.6051888172,0.6051888172
G:8B:4P:2S:0,1,0.8101036123,0.5609527023,0.5609527023,0.5609527023
G:8B:4P:2S:1,1,0.9045230676,0.6506211701,0.6506211701,0.6506211701
G:8B:5P:0S:0,0.9056934337,0.6957078305,0.4840852284,0.4840852284,0.4840852284
G:8B:5P:0S:1,1,0.7868021802,0.5755781117,0.5755781117,0.5755781117
G:8B:5P:1S:0,1,0.7636794074,0.5322854518,0.5322854518,0.5322854518
G:8B:5P:1S:1,1,0.8571220413,0.6202432799,0.6202432799,0.6202432799
G:8B:5P:2S:0,1,0.8335530093,0.5755781117,0.5755781117,0.5755781117
G:8B:5P:2S:1,1,0.9282023852,0.6660165726,0.6660165726,0.6660165726
G:8B:6P:0S:0,0.9371105332,0.7180993347,0.4985324736,0.4985324736,0.4985324736
G:8B:6P:0S:1,1,0.8101036123,0.5903567021,0.5903567021,0.5903567021
G:8B:6P:1S:0,1,0.7868021802,0.5465763631,0.5465763631,0.5465763631
G:8B:6P:1S:1,1,0.8807856608,0.635421279,0.635421279,0.635421279
G:8B:6P:2S:0,1,0.8571220413,0.5903567021,0.5903567021,0.5903567021
G:8B:6P:2S:1,1,0.9521270518,0.6815069636,0.6815069636,0.6815069636
G:9B:0P:0S:0,0.7673350201,0.5927886516,0.4213323915,0.4213323915,0.4213323915
G:9B:0P:0S:1,0.8594558461,0.6823147359,0.505684138,0.505684138,0.505684138
G:9B:0P:1S:0,0.8594558461,0.6595906268,0.4626883773,0.4626883773,0.4626883773
G:9B:0P:1S:1,0.9517248786,0.7521950432,0.5536572054,0.5536572054,0.5536572054
G:9B:0P:2S:0,0.9517248786,0.7294008787,0.505684138,0.505684138,0.505684138
G:9B:0P:2S:1,1,0.8218116517,0.5976663224,0.5976663224,0.5976663224
G:9B:1P:0S:0,0.7977614086,0.6147984089,0.4349454065,0.4349454065,0.4349454065
G:9B:1P:0S:1,0.890443515,0.706866964,0.5203602077,0.5203602077,0.5203602077
G:9B:1P:1S:0,0.890443515,0.6823147359,0.4768807506,0.4768807506,0.4768807506
G:9B:1P:1S:1,0.9824822627,0.7752164747,0.5682018549,0.5682018549,0.5682018549
G:9B:1P:2S:0,0.9824822627,0.7521950432,0.5203602077,0.5203602077,0.5203602077
G:9B:1P:2S:1,1,0.8453242244,0.6126549171,0.6126549171,0.6126549171
G:9B:2P:0S:0,0.8284579553,0.6370756719,0.448762343,0.448762343,0.448762343
G:9B:2P:0S:1,0.9214618606,0.7294008787,0.5393659616,0.5393659616,0.5393659616
G:9B:2P:1S:0,0.9214618606,0.706866964,0.4912454108,0.4912454108,0.4912454108
G:9B:2P:1S:1,1,0.7984325272,0.5829046284,0.5829046284,0.5829046284
G:9B:2P:2S:0,1,0.7752164747,0.5393659616,0.5393659616,0.5393659616
G:9B:2P:2S:1,1,0.8689434388,0.6277720072,0.6277720072,0.6277720072
G:9B:3P:0S:0,0.8593627797,0.6595906268,0.4627728275,0.4627728275,0.4627728275
G:9B:3P:0S:1,0.9516414635,0.7521950432,0.5537438093,0.5537438093,0.5537438093
G:9B:3P:1S:0,0.9516414635,0.7294008787,0.5057715804,0.5057715804,0.5057715804
G:9B:3P:1S:1,1,0.8218116517,0.5977556725,0.5977556725,0.5977556725
G:9B:3P:2S:0,1,0.7984325272,0.5537438093,0.5537438093,0.5537438093
G:9B:3P:2S:1,1,0.8926462477,0.6430077642,0.6430077642,0.6430077642
G:9B:4P:0S:0,0.890351944,0.6823147359,0.4769662646,0.4769662646,0.4769662646
G:9B:4P:0S:1,0.9823805143,0.7752164747,0.5682894346,0.5682894346,0.5682894346
G:9B:4P:1S:0,0.9823805143,0.7521950432,0.5204485212,0.5204485212,0.5204485212
G:9B:4P:1S:1,1,0.8453242244,0.612745066,0.612745066,0.612745066
G:9B:4P:2S:0,1,0.8218116517,0.5682894346,0.5682894346,0.5682894346
G:9B:4P:2S:1,1,0.9163831189,0.6583525201,0.6583525201,0.6583525201
G:9B:5P:0S:0,0.9213674277,0.706866964,0.491331924,0.491331924,0.491331924
G:9B:5P:0S:1,1,0.7984325272,0.5829931254,0.5829931254,0.5829931254
G:9B:5P:1S:0,1,0.7752164747,0.5394515383,0.5394515383,0.5394515383
G:9B:5P:1S:1,1,0.8689434388,0.6278628959,0.6278628959,0.6278628959
G:9B:5P:2S:0,1,0.8453242244,0.5829931254,0.5829931254,0.5829931254
G:9B:5P:2S:1,1,0.9401288491,0.6737968424,0.6737968424,0.6737968424
G:9B:6P:0S:0,0.9515580993,0.7294008787,0.5058590283,0.5058590283,0.5058590283
G:9B:6P:0S:1,1,0.8218116517,0.5978450275,0.5978450275,0.5978450275
G:9B:6P:1S:0,1,0.7984325272,0.5538304191,0.5538304191,0.5538304191
G:9B:6P:1S:1,1,0.8926462477,0.6430993341,0.6430993341,0.6430993341
G:9B:6P:2S:0,1,0.8689434388,0.5978450275,0.5978450275,0.5978450275
G:9B:6P:2S:1,1,0.9633331326,0.6893316063,0.6893316063,0.6893316063